"Race","Contest ID","Candidate","Party","Day1_Votes_Aug4","Day1_VoteShare_Pct","Day2_Votes","Day2_VoteShare_Pct","Day2_VoteChange","Day2_ShareChange"
"U.S. Representative - Congressional District 1","179213","Ballots Cast","","98597","","","","",""
"U.S. Representative - Congressional District 1","179213","Benjamin Kincaid","(Prefers Democratic Party)","2036","2.06","","","",""
"U.S. Representative - Congressional District 1","179213","Suzan DelBene","(Prefers Democratic Party)","52846","53.6","","","",""
"U.S. Representative - Congressional District 1","179213","Bryce Nickel","(Prefers Democratic Party)","2116","2.15","","","",""
"U.S. Representative - Congressional District 1","179213","James Etzkorn","(Prefers Independent Party)","6767","6.86","","","",""
"U.S. Representative - Congressional District 1","179213","Hunter Gordon","(Prefers Democratic Party)","4809","4.88","","","",""
"U.S. Representative - Congressional District 1","179213","Mary Silva","(Prefers Republican Party)","26389","26.76","","","",""
"U.S. Representative - Congressional District 1","179213","Catherine Hildebrand","(Prefers Democratic Party)","1997","2.03","","","",""
"U.S. Representative - Congressional District 1","179213","Write-In","","126","","","","",""
"U.S. Representative - Congressional District 1","179213","Over Votes","","126","","","","",""
"U.S. Representative - Congressional District 1","179213","Under Votes","","924","","","","",""
"U.S. Representative - Congressional District 2","170001","Ballots Cast","","125339","","","","",""
"U.S. Representative - Congressional District 2","170001","Edwin H. Feller","(Prefers Republican Party)","40602","32.39","","","",""
"U.S. Representative - Congressional District 2","170001","Tomas Scheel","(Prefers Democratic Party)","14501","11.57","","","",""
"U.S. Representative - Congressional District 2","170001","Devin Hermanson","(Prefers Democratic Party)","12897","10.29","","","",""
"U.S. Representative - Congressional District 2","170001","Rick Larsen","(Prefers Democratic Party)","55387","44.19","","","",""
"U.S. Representative - Congressional District 2","170001","Write-In","","105","","","","",""
"U.S. Representative - Congressional District 2","170001","Over Votes","","244","","","","",""
"U.S. Representative - Congressional District 2","170001","Under Votes","","1603","","","","",""
"U.S. Representative - Congressional District 3","179832","Ballots Cast","","140669","","","","",""
"U.S. Representative - Congressional District 3","179832","Marie Gluesenkamp Perez","(Prefers Democratic Party)","54132","38.48","","","",""
"U.S. Representative - Congressional District 3","179832","Brent Hennrich","(Prefers Democratic Party)","21290","15.13","","","",""
"U.S. Representative - Congressional District 3","179832","John P. Roco","(Prefers Republican Party)","2666","1.9","","","",""
"U.S. Representative - Congressional District 3","179832","John Saulie-Rohman","(Prefers Independent Party)","2121","1.51","","","",""
"U.S. Representative - Congressional District 3","179832","Troy Rasband","(Prefers Democratic Party)","1297","0.92","","","",""
"U.S. Representative - Congressional District 3","179832","John Braun","(Prefers Republican Party)","53869","38.29","","","",""
"U.S. Representative - Congressional District 3","179832","Antony Barran","(Prefers Cascade Party)","763","0.54","","","",""
"U.S. Representative - Congressional District 3","179832","Austin Braswell","(Prefers Democratic Party)","1084","0.77","","","",""
"U.S. Representative - Congressional District 3","179832","Lawrence Kellogg","(Prefers Republican Party)","1857","1.32","","","",""
"U.S. Representative - Congressional District 3","179832","Write-in","","94","","","","",""
"U.S. Representative - Congressional District 3","179832","Over Votes","","265","","","","",""
"U.S. Representative - Congressional District 3","179832","Under Votes","","1231","","","","",""
"U.S. Representative - Congressional District 4","179008","Ballots Cast","","75273","","","","",""
"U.S. Representative - Congressional District 4","179008","Jacek ""Jack"" Kobiesa","(States No Party Preference)","1198","1.59","","","",""
"U.S. Representative - Congressional District 4","179008","Amanda McKinney","(Prefers Republican Party)","25633","34.05","","","",""
"U.S. Representative - Congressional District 4","179008","John Duresky","(Prefers Democratic Party)","22657","30.1","","","",""
"U.S. Representative - Congressional District 4","179008","John C. Hughs","(Prefers Republican Party)","925","1.23","","","",""
"U.S. Representative - Congressional District 4","179008","Favian Valencia","(Prefers Independent Party)","2761","3.67","","","",""
"U.S. Representative - Congressional District 4","179008","Jerrod Sessler","(Prefers Republican Party)","10426","13.85","","","",""
"U.S. Representative - Congressional District 4","179008","Devin Poore","(Prefers Cascade Party)","873","1.16","","","",""
"U.S. Representative - Congressional District 4","179008","Ken Vaz","(Prefers Republican Party)","220","0.29","","","",""
"U.S. Representative - Congressional District 4","179008","Zac Rossi","(States No Party Preference)","502","0.67","","","",""
"U.S. Representative - Congressional District 4","179008","Elpidia Saavedra","(Prefers Republican Party)","708","0.94","","","",""
"U.S. Representative - Congressional District 4","179008","Matt Boehnke","(Prefers Republican Party)","7576","10.06","","","",""
"U.S. Representative - Congressional District 4","179008","Write-In","","74","","","","",""
"U.S. Representative - Congressional District 4","179008","Over Votes","","297","","","","",""
"U.S. Representative - Congressional District 4","179008","Under Votes","","1423","","","","",""
"U.S. Representative - Congressional District 5","174861","Ballots Cast","","105659","","","","",""
"U.S. Representative - Congressional District 5","174861","Nate Powell","(Prefers Independent Party)","16216","15.35","","","",""
"U.S. Representative - Congressional District 5","174861","Carmela Conroy","(Prefers Democratic Party)","23536","22.28","","","",""
"U.S. Representative - Congressional District 5","174861","Matthew Hayes","(Prefers Independent Party)","1455","1.38","","","",""
"U.S. Representative - Congressional District 5","174861","Bajun R. Mavalwalla","(Prefers Democratic Party)","3290","3.11","","","",""
"U.S. Representative - Congressional District 5","174861","Michael McGarr","(Prefers Democratic Party)","757","0.72","","","",""
"U.S. Representative - Congressional District 5","174861","Kevin Fagan","(Prefers Democratic Party)","4089","3.87","","","",""
"U.S. Representative - Congressional District 5","174861","Michael Baumgartner","(Prefers Republican Party)","54205","51.3","","","",""
"U.S. Representative - Congressional District 5","174861","Kyle Usrey","(Prefers Independent Party)","1289","1.22","","","",""
"U.S. Representative - Congressional District 5","174861","Andrew Bartleson","(Prefers Independent Party)","425","0.4","","","",""
"U.S. Representative - Congressional District 5","174861","Ann Marie Danimus","(Prefers Independent Party)","1599","1.51","","","",""
"U.S. Representative - Congressional District 5","174861","Richard Freudenberg","(Prefers Democratic Party)","1490","1.41","","","",""
"U.S. Representative - Congressional District 5","174861","David Womack","(Prefers Democratic Party)","4542","4.3","","","",""
"U.S. Representative - Congressional District 5","174861","Write-in","","103","","","","",""
"U.S. Representative - Congressional District 5","174861","Over Votes","","234","","","","",""
"U.S. Representative - Congressional District 5","174861","Under Votes","","1704","","","","",""
"U.S. Representative - Congressional District 6","175344","Ballots Cast","","115692","","","","",""
"U.S. Representative - Congressional District 6","175344","Emily Randall","(Prefers Democratic Party)","74078","64.03","","","",""
"U.S. Representative - Congressional District 6","175344","Brian P. O'Gorman","(Prefers Independent Party)","3762","3.25","","","",""
"U.S. Representative - Congressional District 6","175344","Teresa Fox","(Prefers Republican Party)","30892","26.7","","","",""
"U.S. Representative - Congressional District 6","175344","Macy Jones","(States No Party Preference)","2707","2.34","","","",""
"U.S. Representative - Congressional District 6","175344","Leon Lawson","(Prefers Trump Republican Party)","11462","9.91","","","",""
"U.S. Representative - Congressional District 6","175344","Write-In","","68","","","","",""
"U.S. Representative - Congressional District 6","175344","Over Votes","","89","","","","",""
"U.S. Representative - Congressional District 6","175344","Under Votes","","1524","","","","",""
"U.S. Representative - Congressional District 7","178590","Ballots Cast","","103074","","","","",""
"U.S. Representative - Congressional District 7","178590","David W. Blomstrom","(Prefers Fifth Republic Party)","2446","2.37","","","",""
"U.S. Representative - Congressional District 7","178590","Pramila Jayapal","(Prefers Democratic Party)","83539","81.05","","","",""
"U.S. Representative - Congressional District 7","178590","Nirav Sheth","(Prefers Republican Party)","10824","10.5","","","",""
"U.S. Representative - Congressional District 7","178590","Gwen Kirkland","(Prefers Democratic Party)","3440","3.34","","","",""
"U.S. Representative - Congressional District 7","178590","Write-in","","423","","","","",""
"U.S. Representative - Congressional District 7","178590","Over Votes","","0","","","","",""
"U.S. Representative - Congressional District 7","178590","Under Votes","","0","","","","",""
"U.S. Representative - Congressional District 8","180108","Ballots Cast","","111573","","","","",""
"U.S. Representative - Congressional District 8","180108","Kim Schrier","(Prefers Democratic Party)","59340","53.18","","","",""
"U.S. Representative - Congressional District 8","180108","Trinh Ha","(Prefers Republican Party)","16199","14.52","","","",""
"U.S. Representative - Congressional District 8","180108","Spencer Meline","(Prefers Republican Party)","16206","14.53","","","",""
"U.S. Representative - Congressional District 8","180108","Keith Arnold","(Prefers Democratic Party)","2417","2.17","","","",""
"U.S. Representative - Congressional District 8","180108","Andres Valleza","(Prefers Republican Party)","2635","2.36","","","",""
"U.S. Representative - Congressional District 8","180108","Bob Hagglund","(Prefers Republican Party)","12923","11.58","","","",""
"U.S. Representative - Congressional District 8","180108","Write-in","","163","","","","",""
"U.S. Representative - Congressional District 8","180108","Over Votes","","112","","","","",""
"U.S. Representative - Congressional District 8","180108","Under Votes","","951","","","","",""
"U.S. Representative - Congressional District 9","169994","Ballots Cast","","71932","","","","",""
"U.S. Representative - Congressional District 9","169994","Jacob Perasso","(Prefers Socialist Workers Party)","802","1.11","","","",""
"U.S. Representative - Congressional District 9","169994","Kshama Sawant","(Prefers Independent Party)","8896","12.37","","","",""
"U.S. Representative - Congressional District 9","169994","Melissa Chaudhry","(Prefers Democratic Party)","8083","11.24","","","",""
"U.S. Representative - Congressional District 9","169994","Doug Basler","(Prefers Republican Party)","16842","23.41","","","",""
"U.S. Representative - Congressional District 9","169994","Adam Smith","(Prefers Democratic Party)","36070","50.14","","","",""
"U.S. Representative - Congressional District 9","169994","Write-in","","113","","","","",""
"U.S. Representative - Congressional District 9","169994","Over Votes","","0","","","","",""
"U.S. Representative - Congressional District 9","169994","Under Votes","","0","","","","",""
"U.S. Representative - Congressional District 10","186483","Ballots Cast","","81476","","","","",""
"U.S. Representative - Congressional District 10","186483","Adam Arafat","(Prefers Democratic Party)","7147","8.77","","","",""
"U.S. Representative - Congressional District 10","186483","Marilyn Strickland","(Prefers Democratic Party)","39501","48.48","","","",""
"U.S. Representative - Congressional District 10","186483","Kurtis Engle","(Prefers Union Party)","376","0.46","","","",""
"U.S. Representative - Congressional District 10","186483","Alex Scheel","(Prefers Democratic Party)","5660","6.95","","","",""
"U.S. Representative - Congressional District 10","186483","Derek Maynes","(States No Party Preference)","731","0.9","","","",""
"U.S. Representative - Congressional District 10","186483","Chris D. Chung","(Prefers Republican Party)","26745","32.83","","","",""
"U.S. Representative - Congressional District 10","186483","Write-In","","232","","","","",""
"U.S. Representative - Congressional District 10","186483","Over Votes","","76","","","","",""
"U.S. Representative - Congressional District 10","186483","Under Votes","","1008","","","","",""
"State Representative Pos. 1 - Legislative District 1","180757","Ballots Cast","","22257","","","","",""
"State Representative Pos. 1 - Legislative District 1","180757","Davina Duerr","(Prefers Democratic Party)","16157","72.59","","","",""
"State Representative Pos. 1 - Legislative District 1","180757","Maggie Wang","(Prefers Republican Party)","5604","25.18","","","",""
"State Representative Pos. 1 - Legislative District 1","180757","Write-in","","28","","","","",""
"State Representative Pos. 1 - Legislative District 1","180757","Over Votes","","8","","","","",""
"State Representative Pos. 1 - Legislative District 1","180757","Under Votes","","184","","","","",""
"State Representative Pos. 2 - Legislative District 1","182344","Ballots Cast","","22257","","","","",""
"State Representative Pos. 2 - Legislative District 1","182344","Jeff Lyon","(Prefers Libertarian Party)","1154","5.18","","","",""
"State Representative Pos. 2 - Legislative District 1","182344","Shelley Kloba","(Prefers Democratic Party)","10677","47.97","","","",""
"State Representative Pos. 2 - Legislative District 1","182344","Cliff Moon","(Prefers Republican Party)","5242","23.55","","","",""
"State Representative Pos. 2 - Legislative District 1","182344","Jenne Alderks","(Prefers Democratic Party)","4729","21.25","","","",""
"State Representative Pos. 2 - Legislative District 1","182344","Write-In","","11","","","","",""
"State Representative Pos. 2 - Legislative District 1","182344","Over Votes","","14","","","","",""
"State Representative Pos. 2 - Legislative District 1","182344","Under Votes","","192","","","","",""
"State Representative Pos. 1 - Legislative District 2","173361","Ballots Cast","","15662","","","","",""
"State Representative Pos. 1 - Legislative District 2","173361","William Dehnel","(Prefers Labor Democrat Party)","6352","40.56","","","",""
"State Representative Pos. 1 - Legislative District 2","173361","Andrew Barkis","(Prefers Republican Party)","8993","57.42","","","",""
"State Representative Pos. 1 - Legislative District 2","173361","Write-In","","34","","","","",""
"State Representative Pos. 1 - Legislative District 2","173361","Over Votes","","1","","","","",""
"State Representative Pos. 1 - Legislative District 2","173361","Under Votes","","282","","","","",""
"State Representative Pos. 2 - Legislative District 2","176934","Ballots Cast","","15662","","","","",""
"State Representative Pos. 2 - Legislative District 2","176934","Angela Taylor","(Prefers Democratic Party)","4985","31.83","","","",""
"State Representative Pos. 2 - Legislative District 2","176934","Martin L Miller","(Prefers Democratic Party)","1548","9.88","","","",""
"State Representative Pos. 2 - Legislative District 2","176934","Matt Marshall","(Prefers Republican Party)","8829","56.37","","","",""
"State Representative Pos. 2 - Legislative District 2","176934","Write-In","","29","","","","",""
"State Representative Pos. 2 - Legislative District 2","176934","Over Votes","","24","","","","",""
"State Representative Pos. 2 - Legislative District 2","176934","Under Votes","","247","","","","",""
"State Senator - Legislative District 7","178336","Ballots Cast","","24263","","","","",""
"State Senator - Legislative District 7","178336","Shelly Short","(Prefers Republican Party)","12948","53.37","","","",""
"State Senator - Legislative District 7","178336","Ronald L McCoy","(Prefers Independent Party)","6191","25.52","","","",""
"State Senator - Legislative District 7","178336","Brandon Ray Medina","(Prefers Republican Party)","1795","7.4","","","",""
"State Senator - Legislative District 7","178336","David Swoap","(Prefers Republican Party)","1273","5.25","","","",""
"State Senator - Legislative District 7","178336","Write-in","","134","","","","",""
"State Senator - Legislative District 7","178336","Over Votes","","39","","","","",""
"State Senator - Legislative District 7","178336","Under Votes","","1883","","","","",""
"State Representative Pos. 1 - Legislative District 7","171035","Ballots Cast","","24263","","","","",""
"State Representative Pos. 1 - Legislative District 7","171035","Andrew Engell","(Prefers Republican Party)","16524","68.1","","","",""
"State Representative Pos. 1 - Legislative District 7","171035","Write-in","","580","","","","",""
"State Representative Pos. 1 - Legislative District 7","171035","Over Votes","","2","","","","",""
"State Representative Pos. 1 - Legislative District 7","171035","Under Votes","","7157","","","","",""
"State Representative Pos. 2 - Legislative District 7","177924","Ballots Cast","","24263","","","","",""
"State Representative Pos. 2 - Legislative District 7","177924","Hunter Abell","(Prefers Republican Party)","16420","67.68","","","",""
"State Representative Pos. 2 - Legislative District 7","177924","Write-in","","569","","","","",""
"State Representative Pos. 2 - Legislative District 7","177924","Over Votes","","4","","","","",""
"State Representative Pos. 2 - Legislative District 7","177924","Under Votes","","7270","","","","",""
"State Senator - Legislative District 8","178149","Ballots Cast","","16555","","","","",""
"State Senator - Legislative District 8","178149","Gabe Galbraith","(Prefers Republican Party)","6580","39.75","","","",""
"State Senator - Legislative District 8","178149","Nikki Torres","(Prefers Republican Party)","7805","47.15","","","",""
"State Senator - Legislative District 8","178149","Write-In","","292","","","","",""
"State Senator - Legislative District 8","178149","Over Votes","","33","","","","",""
"State Senator - Legislative District 8","178149","Under Votes","","1845","","","","",""
"State Representative Pos. 1 - Legislative District 8","170267","Ballots Cast","","16555","","","","",""
"State Representative Pos. 1 - Legislative District 8","170267","Stephanie Barnard","(Prefers Republican Party)","11558","69.82","","","",""
"State Representative Pos. 1 - Legislative District 8","170267","Write-In","","348","","","","",""
"State Representative Pos. 1 - Legislative District 8","170267","Over Votes","","15","","","","",""
"State Representative Pos. 1 - Legislative District 8","170267","Under Votes","","4634","","","","",""
"State Representative Pos. 2 - Legislative District 8","183253","Ballots Cast","","16555","","","","",""
"State Representative Pos. 2 - Legislative District 8","183253","April Connors","(Prefers Republican Party)","11691","70.62","","","",""
"State Representative Pos. 2 - Legislative District 8","183253","Write-In","","350","","","","",""
"State Representative Pos. 2 - Legislative District 8","183253","Over Votes","","7","","","","",""
"State Representative Pos. 2 - Legislative District 8","183253","Under Votes","","4507","","","","",""
"State Representative Pos. 1 - Legislative District 9","185624","Ballots Cast","","26164","","","","",""
"State Representative Pos. 1 - Legislative District 9","185624","Mary Dye","(Prefers Republican Party)","18481","70.64","","","",""
"State Representative Pos. 1 - Legislative District 9","185624","Write-In","","935","","","","",""
"State Representative Pos. 1 - Legislative District 9","185624","Over Votes","","1","","","","",""
"State Representative Pos. 1 - Legislative District 9","185624","Under Votes","","6724","","","","",""
"State Representative Pos. 2 - Legislative District 9","174858","Ballots Cast","","26164","","","","",""
"State Representative Pos. 2 - Legislative District 9","174858","Joe Schmick","(Prefers Republican Party)","16339","62.45","","","",""
"State Representative Pos. 2 - Legislative District 9","174858","Karina Wallace","(Prefers Democratic Party)","8975","34.3","","","",""
"State Representative Pos. 2 - Legislative District 9","174858","Write-In","","44","","","","",""
"State Representative Pos. 2 - Legislative District 9","174858","Over Votes","","3","","","","",""
"State Representative Pos. 2 - Legislative District 9","174858","Under Votes","","803","","","","",""
"State Representative Pos. 1 - Legislative District 10","174153","Ballots Cast","","27109","","","","",""
"State Representative Pos. 1 - Legislative District 10","174153","Clyde Shavers","(Prefers Democratic Party)","15462","57.04","","","",""
"State Representative Pos. 1 - Legislative District 10","174153","Robert (Chili) Hicks","(Prefers Republican Party)","11146","41.12","","","",""
"State Representative Pos. 1 - Legislative District 10","174153","Write-In","","22","","","","",""
"State Representative Pos. 1 - Legislative District 10","174153","Over Votes","","7","","","","",""
"State Representative Pos. 1 - Legislative District 10","174153","Under Votes","","472","","","","",""
"State Representative Pos. 2 - Legislative District 10","185332","Ballots Cast","","27109","","","","",""
"State Representative Pos. 2 - Legislative District 10","185332","Carrie R. Kennedy","(Prefers Republican Party)","5054","18.64","","","",""
"State Representative Pos. 2 - Legislative District 10","185332","Dave Paul","(Prefers Democratic Party)","15600","57.55","","","",""
"State Representative Pos. 2 - Legislative District 10","185332","Tim Hazelo","(Prefers Republican Party)","5928","21.87","","","",""
"State Representative Pos. 2 - Legislative District 10","185332","Write-In","","33","","","","",""
"State Representative Pos. 2 - Legislative District 10","185332","Over Votes","","20","","","","",""
"State Representative Pos. 2 - Legislative District 10","185332","Under Votes","","474","","","","",""
"State Representative Pos. 1 - Legislative District 12","185524","Ballots Cast","","27438","","","","",""
"State Representative Pos. 1 - Legislative District 12","185524","Brian Burnett","(Prefers Republican Party)","13428","48.94","","","",""
"State Representative Pos. 1 - Legislative District 12","185524","Stacy Willoughby","(Prefers Democratic Party)","13474","49.11","","","",""
"State Representative Pos. 1 - Legislative District 12","185524","Write-In","","24","","","","",""
"State Representative Pos. 1 - Legislative District 12","185524","Over Votes","","3","","","","",""
"State Representative Pos. 1 - Legislative District 12","185524","Under Votes","","444","","","","",""
"State Representative Pos. 2 - Legislative District 12","170524","Ballots Cast","","27438","","","","",""
"State Representative Pos. 2 - Legislative District 12","170524","Mike Steele","(Prefers Republican Party)","11499","41.91","","","",""
"State Representative Pos. 2 - Legislative District 12","170524","Adam James","(Prefers Republican Party)","6623","24.14","","","",""
"State Representative Pos. 2 - Legislative District 12","170524","Maggie Adams","(Prefers Democratic Party)","8846","32.24","","","",""
"State Representative Pos. 2 - Legislative District 12","170524","Write-In","","24","","","","",""
"State Representative Pos. 2 - Legislative District 12","170524","Over Votes","","22","","","","",""
"State Representative Pos. 2 - Legislative District 12","170524","Under Votes","","333","","","","",""
"State Senator - Legislative District 13","184216","Ballots Cast","","18313","","","","",""
"State Senator - Legislative District 13","184216","Alex Ybarra","(Prefers Republican Party)","13501","73.72","","","",""
"State Senator - Legislative District 13","184216","Write-In","","387","","","","",""
"State Senator - Legislative District 13","184216","Over Votes","","2","","","","",""
"State Senator - Legislative District 13","184216","Under Votes","","4423","","","","",""
"State Representative Pos. 1 - Legislative District 13","179004","Ballots Cast","","18313","","","","",""
"State Representative Pos. 1 - Legislative District 13","179004","Tom Dent","(Prefers Republican Party)","12299","67.16","","","",""
"State Representative Pos. 1 - Legislative District 13","179004","Juan ""Jerry"" Garcia","(Prefers Democratic Party)","5359","29.26","","","",""
"State Representative Pos. 1 - Legislative District 13","179004","Write-In","","26","","","","",""
"State Representative Pos. 1 - Legislative District 13","179004","Over Votes","","3","","","","",""
"State Representative Pos. 1 - Legislative District 13","179004","Under Votes","","626","","","","",""
"State Representative Pos. 2 - Legislative District 13","173602","Ballots Cast","","18313","","","","",""
"State Representative Pos. 2 - Legislative District 13","173602","Deanna Martinez","(Prefers Republican Party)","5446","29.74","","","",""
"State Representative Pos. 2 - Legislative District 13","173602","Joshua Thompson","(Prefers Republican Party)","5120","27.96","","","",""
"State Representative Pos. 2 - Legislative District 13","173602","Don Myers","(Prefers Republican Party)","4013","21.91","","","",""
"State Representative Pos. 2 - Legislative District 13","173602","Write-In","","303","","","","",""
"State Representative Pos. 2 - Legislative District 13","173602","Over Votes","","14","","","","",""
"State Representative Pos. 2 - Legislative District 13","173602","Under Votes","","3417","","","","",""
"State Representative Pos. 1 - Legislative District 14","185042","Ballots Cast","","6956","","","","",""
"State Representative Pos. 1 - Legislative District 14","185042","Chelsea Dimas","(Prefers Democratic Party)","2910","41.83","","","",""
"State Representative Pos. 1 - Legislative District 14","185042","William Chichenoff","(States No Party Preference)","372","5.35","","","",""
"State Representative Pos. 1 - Legislative District 14","185042","Gloria Mendoza","(Prefers Republican Party)","3417","49.12","","","",""
"State Representative Pos. 1 - Legislative District 14","185042","Write-In","","18","","","","",""
"State Representative Pos. 1 - Legislative District 14","185042","Over Votes","","10","","","","",""
"State Representative Pos. 1 - Legislative District 14","185042","Under Votes","","229","","","","",""
"State Representative Pos. 2 - Legislative District 14","179165","Ballots Cast","","6956","","","","",""
"State Representative Pos. 2 - Legislative District 14","179165","Deb Manjarrez","(Prefers Republican Party)","3436","49.4","","","",""
"State Representative Pos. 2 - Legislative District 14","179165","Tony G Sandoval","(Prefers Democrat Party)","1432","20.59","","","",""
"State Representative Pos. 2 - Legislative District 14","179165","Ezequiel Morfin","(Prefers Democratic Party)","1836","26.39","","","",""
"State Representative Pos. 2 - Legislative District 14","179165","Write-In","","14","","","","",""
"State Representative Pos. 2 - Legislative District 14","179165","Over Votes","","15","","","","",""
"State Representative Pos. 2 - Legislative District 14","179165","Under Votes","","223","","","","",""
"State Senator - Legislative District 15","174856","Ballots Cast","","18260","","","","",""
"State Senator - Legislative District 15","174856","Jeremie Dufault","(Prefers Republican Party)","13569","74.31","","","",""
"State Senator - Legislative District 15","174856","Write-In","","651","","","","",""
"State Senator - Legislative District 15","174856","Over Votes","","2","","","","",""
"State Senator - Legislative District 15","174856","Under Votes","","4038","","","","",""
"State Representative Pos. 1 - Legislative District 15","175563","Ballots Cast","","18260","","","","",""
"State Representative Pos. 1 - Legislative District 15","175563","Chris Corry","(Prefers Republican Party)","11776","64.49","","","",""
"State Representative Pos. 1 - Legislative District 15","175563","Jack McEntire","(Prefers Democratic Party)","5785","31.68","","","",""
"State Representative Pos. 1 - Legislative District 15","175563","Write-In","","33","","","","",""
"State Representative Pos. 1 - Legislative District 15","175563","Over Votes","","2","","","","",""
"State Representative Pos. 1 - Legislative District 15","175563","Under Votes","","664","","","","",""
"State Representative Pos. 2 - Legislative District 15","181651","Ballots Cast","","18260","","","","",""
"State Representative Pos. 2 - Legislative District 15","181651","Reedy Berg","(Prefers Republican Party)","8271","45.3","","","",""
"State Representative Pos. 2 - Legislative District 15","181651","Chase Foster","(Prefers Republican Party)","3666","20.08","","","",""
"State Representative Pos. 2 - Legislative District 15","181651","Liz Hallock","(Prefers No Kings Party)","5170","28.31","","","",""
"State Representative Pos. 2 - Legislative District 15","181651","Write-In","","71","","","","",""
"State Representative Pos. 2 - Legislative District 15","181651","Over Votes","","4","","","","",""
"State Representative Pos. 2 - Legislative District 15","181651","Under Votes","","1078","","","","",""
"State Representative Pos. 2 - Legislative District 16","173194","Ballots Cast","","10595","","","","",""
"State Representative Pos. 2 - Legislative District 16","173194","Skyler Rude","(Prefers Republican Party)","11486","108.41","","","",""
"State Representative Pos. 2 - Legislative District 16","173194","Derek Sarley","(Prefers Democratic Party)","7942","74.96","","","",""
"State Representative Pos. 2 - Legislative District 16","173194","Write-In","","13","","","","",""
"State Representative Pos. 2 - Legislative District 16","173194","Over Votes","","8","","","","",""
"State Representative Pos. 2 - Legislative District 16","173194","Under Votes","","421","","","","",""
"State Representative Pos. 1 - Legislative District 16","174313","Ballots Cast","","10595","","","","",""
"State Representative Pos. 1 - Legislative District 16","174313","Mark Klicker","(Prefers Republican Party)","11977","113.04","","","",""
"State Representative Pos. 1 - Legislative District 16","174313","Kyle Palmer","(Prefers Democratic Party)","7462","70.43","","","",""
"State Representative Pos. 1 - Legislative District 16","174313","Write-In","","14","","","","",""
"State Representative Pos. 1 - Legislative District 16","174313","Over Votes","","9","","","","",""
"State Representative Pos. 1 - Legislative District 16","174313","Under Votes","","408","","","","",""
"State Representative Pos. 1 - Legislative District 17","178245","Ballots Cast","","31628","","","","",""
"State Representative Pos. 1 - Legislative District 17","178245","Kevin Waters","(Prefers Republican Party)","13706","43.34","","","",""
"State Representative Pos. 1 - Legislative District 17","178245","Thomas Everett Haynes","(Prefers Pro Gun Liberal Party)","994","3.14","","","",""
"State Representative Pos. 1 - Legislative District 17","178245","Ben Christly","(Prefers Democratic Party)","16385","51.81","","","",""
"State Representative Pos. 1 - Legislative District 17","178245","Write-In","","38","","","","",""
"State Representative Pos. 1 - Legislative District 17","178245","Over Votes","","5","","","","",""
"State Representative Pos. 1 - Legislative District 17","178245","Under Votes","","500","","","","",""
"State Representative Pos. 2 - Legislative District 17","173858","Ballots Cast","","31628","","","","",""
"State Representative Pos. 2 - Legislative District 17","173858","Diana H. Perez","(Prefers Democratic Party)","17020","53.81","","","",""
"State Representative Pos. 2 - Legislative District 17","173858","David Stuebe","(Prefers Republican Party)","13975","44.19","","","",""
"State Representative Pos. 2 - Legislative District 17","173858","Write-In","","51","","","","",""
"State Representative Pos. 2 - Legislative District 17","173858","Over Votes","","3","","","","",""
"State Representative Pos. 2 - Legislative District 17","173858","Under Votes","","579","","","","",""
"State Representative Pos. 1 - Legislative District 19","174000","Ballots Cast","","27703","","","","",""
"State Representative Pos. 1 - Legislative District 19","174000","Jim Walsh","(Prefers Republican Party)","14803","53.43","","","",""
"State Representative Pos. 1 - Legislative District 19","174000","Kevin Moynihan","(Prefers Democratic Party)","12269","44.29","","","",""
"State Representative Pos. 1 - Legislative District 19","174000","Write-In","","42","","","","",""
"State Representative Pos. 1 - Legislative District 19","174000","Over Votes","","1","","","","",""
"State Representative Pos. 1 - Legislative District 19","174000","Under Votes","","588","","","","",""
"State Representative Pos. 2 - Legislative District 19","183927","Ballots Cast","","27703","","","","",""
"State Representative Pos. 2 - Legislative District 19","183927","Daniel William Bradley","(Prefers Republican Party)","1942","7.01","","","",""
"State Representative Pos. 2 - Legislative District 19","183927","Jimi O'Hagan","(Prefers Republican Party)","2024","7.31","","","",""
"State Representative Pos. 2 - Legislative District 19","183927","Terry Carlson","(Prefers Democratic Party)","11678","42.15","","","",""
"State Representative Pos. 2 - Legislative District 19","183927","Joel McEntire","(Prefers Republican Party)","10830","39.09","","","",""
"State Representative Pos. 2 - Legislative District 19","183927","Write-In","","41","","","","",""
"State Representative Pos. 2 - Legislative District 19","183927","Over Votes","","16","","","","",""
"State Representative Pos. 2 - Legislative District 19","183927","Under Votes","","1172","","","","",""
"State Representative Pos. 1 - Legislative District 20","177711","Ballots Cast","","30362","","","","",""
"State Representative Pos. 1 - Legislative District 20","177711","Peter Abbarno","(Prefers Republican Party)","19285","63.52","","","",""
"State Representative Pos. 1 - Legislative District 20","177711","Andy Zahn","(Prefers Democratic Party)","10314","33.97","","","",""
"State Representative Pos. 1 - Legislative District 20","177711","Write-In","","53","","","","",""
"State Representative Pos. 1 - Legislative District 20","177711","Over Votes","","6","","","","",""
"State Representative Pos. 1 - Legislative District 20","177711","Under Votes","","704","","","","",""
"State Representative Pos. 2 - Legislative District 20","182895","Ballots Cast","","30362","","","","",""
"State Representative Pos. 2 - Legislative District 20","182895","Evan Jones","(Prefers Democratic Party)","11146","36.71","","","",""
"State Representative Pos. 2 - Legislative District 20","182895","Ed Orcutt","(Prefers Republican Party)","18475","60.85","","","",""
"State Representative Pos. 2 - Legislative District 20","182895","Write-In","","51","","","","",""
"State Representative Pos. 2 - Legislative District 20","182895","Over Votes","","5","","","","",""
"State Representative Pos. 2 - Legislative District 20","182895","Under Votes","","685","","","","",""
"State Representative Pos. 1 - Legislative District 24","175047","Ballots Cast","","17834","","","","",""
"State Representative Pos. 1 - Legislative District 24","175047","Eric W. Pratt","(Prefers Republican Party)","5490","30.78","","","",""
"State Representative Pos. 1 - Legislative District 24","175047","Ted Bowen","(Prefers Independent Party)","1643","9.21","","","",""
"State Representative Pos. 1 - Legislative District 24","175047","Adam Bernbaum","(Prefers Democratic Party)","16443","92.2","","","",""
"State Representative Pos. 1 - Legislative District 24","175047","Aiden I.R. Hamilton","(Prefers Republican Party)","2567","14.39","","","",""
"State Representative Pos. 1 - Legislative District 24","175047","Write-In","","17","","","","",""
"State Representative Pos. 1 - Legislative District 24","175047","Over Votes","","11","","","","",""
"State Representative Pos. 1 - Legislative District 24","175047","Under Votes","","553","","","","",""
"State Representative Pos. 2 - Legislative District 24","181877","Ballots Cast","","17834","","","","",""
"State Representative Pos. 2 - Legislative District 24","181877","Bradley Nemo Callaway","(Prefers Democratic Party)","1166","6.54","","","",""
"State Representative Pos. 2 - Legislative District 24","181877","Patrick DePoe","(Prefers Democratic Party)","5646","31.66","","","",""
"State Representative Pos. 2 - Legislative District 24","181877","Kaylee Kuehn","(Prefers Democratic Party)","7448","41.76","","","",""
"State Representative Pos. 2 - Legislative District 24","181877","Mark Hodgson","(Prefers Democratic Party)","1896","10.63","","","",""
"State Representative Pos. 2 - Legislative District 24","181877","Marcia Kelbon","(States No Party Preference)","9133","51.21","","","",""
"State Representative Pos. 2 - Legislative District 24","181877","Write-In","","126","","","","",""
"State Representative Pos. 2 - Legislative District 24","181877","Over Votes","","5","","","","",""
"State Representative Pos. 2 - Legislative District 24","181877","Under Votes","","1304","","","","",""
"State Senator - Legislative District 26","184857","Ballots Cast","","31627","","","","",""
"State Senator - Legislative District 26","184857","Deborah Krishnadasan","(Prefers Democratic Party)","17773","56.2","","","",""
"State Senator - Legislative District 26","184857","Gary Parker","(Prefers Republican Party)","13581","42.94","","","",""
"State Senator - Legislative District 26","184857","Write-In","","21","","","","",""
"State Senator - Legislative District 26","184857","Over Votes","","0","","","","",""
"State Senator - Legislative District 26","184857","Under Votes","","252","","","","",""
"State Representative Pos. 1 - Legislative District 26","180744","Ballots Cast","","31627","","","","",""
"State Representative Pos. 1 - Legislative District 26","180744","David Olson","(Prefers Republican Party)","13577","42.93","","","",""
"State Representative Pos. 1 - Legislative District 26","180744","Natalie Bornfleth","(Prefers Democratic Party)","6657","21.05","","","",""
"State Representative Pos. 1 - Legislative District 26","180744","Adison Richards","(Prefers Democratic Party)","11009","34.81","","","",""
"State Representative Pos. 1 - Legislative District 26","180744","Write-In","","11","","","","",""
"State Representative Pos. 1 - Legislative District 26","180744","Over Votes","","16","","","","",""
"State Representative Pos. 1 - Legislative District 26","180744","Under Votes","","357","","","","",""
"State Representative Pos. 2 - Legislative District 26","175305","Ballots Cast","","31627","","","","",""
"State Representative Pos. 2 - Legislative District 26","175305","Randy Phillips","(States No Party Preference)","754","2.38","","","",""
"State Representative Pos. 2 - Legislative District 26","175305","Tedd Wetherbee","(Prefers Democratic Party)","4154","13.13","","","",""
"State Representative Pos. 2 - Legislative District 26","175305","Renee Hernandez Greenfield","(Prefers Democratic Party)","12430","39.3","","","",""
"State Representative Pos. 2 - Legislative District 26","175305","Katy Cornell","(Prefers Republican Party)","13813","43.67","","","",""
"State Representative Pos. 2 - Legislative District 26","175305","Write-In","","12","","","","",""
"State Representative Pos. 2 - Legislative District 26","175305","Over Votes","","16","","","","",""
"State Representative Pos. 2 - Legislative District 26","175305","Under Votes","","448","","","","",""
"State Senator - Legislative District 31","176340","Ballots Cast","","21083","","","","",""
"State Senator - Legislative District 31","176340","Tamara Stramel","(Prefers Democratic Party)","9622","45.64","","","",""
"State Senator - Legislative District 31","176340","Phil Fortunato","(Prefers Republican Party)","11262","53.42","","","",""
"State Senator - Legislative District 31","176340","Write-In","","24","","","","",""
"State Senator - Legislative District 31","176340","Over Votes","","21","","","","",""
"State Senator - Legislative District 31","176340","Under Votes","","129","","","","",""
"State Representative Pos. 1 - Legislative District 31","182451","Ballots Cast","","21083","","","","",""
"State Representative Pos. 1 - Legislative District 31","182451","Drew Stokesbary","(Prefers Republican Party)","12019","57.01","","","",""
"State Representative Pos. 1 - Legislative District 31","182451","Stephen Szczurko-Walton","(Prefers Democratic Party)","8721","41.37","","","",""
"State Representative Pos. 1 - Legislative District 31","182451","Write-In","","26","","","","",""
"State Representative Pos. 1 - Legislative District 31","182451","Over Votes","","36","","","","",""
"State Representative Pos. 1 - Legislative District 31","182451","Under Votes","","230","","","","",""
"State Representative Pos. 2 - Legislative District 31","175221","Ballots Cast","","21083","","","","",""
"State Representative Pos. 2 - Legislative District 31","175221","John Bielka","(Prefers Democrat Party)","9171","43.5","","","",""
"State Representative Pos. 2 - Legislative District 31","175221","Joshua Penner","(Prefers Republican Party)","11555","54.81","","","",""
"State Representative Pos. 2 - Legislative District 31","175221","Write-In","","34","","","","",""
"State Representative Pos. 2 - Legislative District 31","175221","Over Votes","","24","","","","",""
"State Representative Pos. 2 - Legislative District 31","175221","Under Votes","","257","","","","",""
"State Senator - Legislative District 32","184903","Ballots Cast","","23384","","","","",""
"State Senator - Legislative District 32","184903","Cindy Ryu","(Prefers Democratic Party)","9361","40.03","","","",""
"State Senator - Legislative District 32","184903","Ira McBee","(Prefers Republican Party)","4635","19.82","","","",""
"State Senator - Legislative District 32","184903","Jesse Salomon","(Prefers Democratic Party)","8848","37.84","","","",""
"State Senator - Legislative District 32","184903","Write-In","","36","","","","",""
"State Senator - Legislative District 32","184903","Over Votes","","33","","","","",""
"State Senator - Legislative District 32","184903","Under Votes","","219","","","","",""
"State Representative Pos. 1 - Legislative District 32","174799","Ballots Cast","","23384","","","","",""
"State Representative Pos. 1 - Legislative District 32","174799","Jenna Nand","(Prefers Democratic Party)","2113","9.04","","","",""
"State Representative Pos. 1 - Legislative District 32","174799","Will Chen","(Prefers Democratic Party)","2732","11.68","","","",""
"State Representative Pos. 1 - Legislative District 32","174799","Keith Scully","(Prefers Democratic Party)","5654","24.18","","","",""
"State Representative Pos. 1 - Legislative District 32","174799","Danica Noble","(Prefers Democratic Party)","5205","22.26","","","",""
"State Representative Pos. 1 - Legislative District 32","174799","Lisa Rezac","(Prefers Republican Party)","4803","20.54","","","",""
"State Representative Pos. 1 - Legislative District 32","174799","Chris Bloomquist","(Prefers Democratic Party)","2252","9.63","","","",""
"State Representative Pos. 1 - Legislative District 32","174799","Write-In","","25","","","","",""
"State Representative Pos. 1 - Legislative District 32","174799","Over Votes","","26","","","","",""
"State Representative Pos. 1 - Legislative District 32","174799","Under Votes","","286","","","","",""
"State Representative Pos. 2 - Legislative District 32","184124","Ballots Cast","","23384","","","","",""
"State Representative Pos. 2 - Legislative District 32","184124","Lauren Davis","(Prefers Democratic Party)","15827","67.68","","","",""
"State Representative Pos. 2 - Legislative District 32","184124","Imraan Siddiqi","(Prefers Democratic Party)","4680","20.01","","","",""
"State Representative Pos. 2 - Legislative District 32","184124","Write-In","","502","","","","",""
"State Representative Pos. 2 - Legislative District 32","184124","Over Votes","","16","","","","",""
"State Representative Pos. 2 - Legislative District 32","184124","Under Votes","","1400","","","","",""
"State Senator - Legislative District 35","174358","Ballots Cast","","22607","","","","",""
"State Senator - Legislative District 35","174358","Carolina Mejia","(Prefers Democratic Party)","10955","48.46","","","",""
"State Senator - Legislative District 35","174358","Drew C MacEwen","(Prefers Republican Party)","11298","49.98","","","",""
"State Senator - Legislative District 35","174358","Write-In","","27","","","","",""
"State Senator - Legislative District 35","174358","Over Votes","","0","","","","",""
"State Senator - Legislative District 35","174358","Under Votes","","327","","","","",""
"State Representative Pos. 1 - Legislative District 35","179284","Ballots Cast","","22607","","","","",""
"State Representative Pos. 1 - Legislative District 35","179284","Dan Griffey","(Prefers Republican Party)","11730","51.89","","","",""
"State Representative Pos. 1 - Legislative District 35","179284","Shaena Garberich","(Prefers Democratic Party)","4080","18.05","","","",""
"State Representative Pos. 1 - Legislative District 35","179284","Jim Pierson","(Prefers Democratic Party)","6373","28.19","","","",""
"State Representative Pos. 1 - Legislative District 35","179284","Write-In","","17","","","","",""
"State Representative Pos. 1 - Legislative District 35","179284","Over Votes","","4","","","","",""
"State Representative Pos. 1 - Legislative District 35","179284","Under Votes","","403","","","","",""
"State Representative Pos. 2 - Legislative District 35","170658","Ballots Cast","","22607","","","","",""
"State Representative Pos. 2 - Legislative District 35","170658","Travis Couture","(Prefers Republican Party)","11752","51.98","","","",""
"State Representative Pos. 2 - Legislative District 35","170658","Maria Littlesun","(Prefers Democratic Party)","10402","46.01","","","",""
"State Representative Pos. 2 - Legislative District 35","170658","Write-In","","21","","","","",""
"State Representative Pos. 2 - Legislative District 35","170658","Over Votes","","1","","","","",""
"State Representative Pos. 2 - Legislative District 35","170658","Under Votes","","431","","","","",""
"State Representative Pos. 1 - Legislative District 39","180093","Ballots Cast","","21849","","","","",""
"State Representative Pos. 1 - Legislative District 39","180093","Sam Low","(Prefers Republican Party)","9410","43.07","","","",""
"State Representative Pos. 1 - Legislative District 39","180093","Kathryn Lewandowsky","(Prefers Democratic Party)","9510","43.53","","","",""
"State Representative Pos. 1 - Legislative District 39","180093","Dusty Wisniew","(Prefers Republican Party)","2556","11.7","","","",""
"State Representative Pos. 1 - Legislative District 39","180093","Write-In","","13","","","","",""
"State Representative Pos. 1 - Legislative District 39","180093","Over Votes","","21","","","","",""
"State Representative Pos. 1 - Legislative District 39","180093","Under Votes","","339","","","","",""
"State Representative Pos. 2 - Legislative District 39","179387","Ballots Cast","","21849","","","","",""
"State Representative Pos. 2 - Legislative District 39","179387","Robert J Sutherland","(Prefers Republican Party)","5416","24.79","","","",""
"State Representative Pos. 2 - Legislative District 39","179387","Ida Keeley","(Prefers Democratic Party)","10007","45.8","","","",""
"State Representative Pos. 2 - Legislative District 39","179387","Lacey Sauvageau","(Prefers Republican Party)","569","2.6","","","",""
"State Representative Pos. 2 - Legislative District 39","179387","Steve Ewing","(Prefers Republican Party)","5390","24.67","","","",""
"State Representative Pos. 2 - Legislative District 39","179387","Write-In","","15","","","","",""
"State Representative Pos. 2 - Legislative District 39","179387","Over Votes","","24","","","","",""
"State Representative Pos. 2 - Legislative District 39","179387","Under Votes","","428","","","","",""
"State Representative Pos. 1 - Legislative District 40","180016","Ballots Cast","","26174","","","","",""
"State Representative Pos. 1 - Legislative District 40","180016","Debra Lekanoff","(Prefers Democratic Party)","18660","71.29","","","",""
"State Representative Pos. 1 - Legislative District 40","180016","Cindy Carter","(Prefers Republican Party)","7123","27.21","","","",""
"State Representative Pos. 1 - Legislative District 40","180016","Write-In","","22","","","","",""
"State Representative Pos. 1 - Legislative District 40","180016","Over Votes","","15","","","","",""
"State Representative Pos. 1 - Legislative District 40","180016","Under Votes","","354","","","","",""
"State Representative Pos. 2 - Legislative District 40","170673","Ballots Cast","","26174","","","","",""
"State Representative Pos. 2 - Legislative District 40","170673","Salomon Rodrigue Mbouombouo","(Prefers Independent Party)","2495","9.53","","","",""
"State Representative Pos. 2 - Legislative District 40","170673","Alex Ramel","(Prefers Democratic Party)","17069","65.21","","","",""
"State Representative Pos. 2 - Legislative District 40","170673","Joseph Segault","(States No Party Preference)","3274","12.51","","","",""
"State Representative Pos. 2 - Legislative District 40","170673","Monte Jay Mahan","(Prefers Independent Party)","2109","8.06","","","",""
"State Representative Pos. 2 - Legislative District 40","170673","Write-In","","58","","","","",""
"State Representative Pos. 2 - Legislative District 40","170673","Over Votes","","31","","","","",""
"State Representative Pos. 2 - Legislative District 40","170673","Under Votes","","1138","","","","",""
"State Representative Pos. 1 - Legislative District 3","SpokaneLD3P1","Ballots Cast","","22788","","","","",""
"State Representative Pos. 1 - Legislative District 3","SpokaneLD3P1","Natasha Hill","","14458","63.45","","","",""
"State Representative Pos. 1 - Legislative District 3","SpokaneLD3P1","John Kness","","1184","5.2","","","",""
"State Representative Pos. 1 - Legislative District 3","SpokaneLD3P1","Tony Kiepe","","7094","31.13","","","",""
"State Representative Pos. 1 - Legislative District 3","SpokaneLD3P1","Write-In","","52","","","","",""
"State Representative Pos. 2 - Legislative District 3","SpokaneLD3P2","Ballots Cast","","22723","","","","",""
"State Representative Pos. 2 - Legislative District 3","SpokaneLD3P2","Natalie Poulson","","7653","33.68","","","",""
"State Representative Pos. 2 - Legislative District 3","SpokaneLD3P2","Pam Kohlmeier","","7237","31.85","","","",""
"State Representative Pos. 2 - Legislative District 3","SpokaneLD3P2","Luc Jasmin III","","6877","30.26","","","",""
"State Representative Pos. 2 - Legislative District 3","SpokaneLD3P2","Donovan Arnold DeLeon","","939","4.13","","","",""
"State Representative Pos. 2 - Legislative District 3","SpokaneLD3P2","Write-In","","17","","","","",""
"State Representative Pos. 1 - Legislative District 4","SpokaneLD4P1","Ballots Cast","","18688","","","","",""
"State Representative Pos. 1 - Legislative District 4","SpokaneLD4P1","Trent Maier","","5486","29.36","","","",""
"State Representative Pos. 1 - Legislative District 4","SpokaneLD4P1","Hillary Q. Pham","","5642","30.19","","","",""
"State Representative Pos. 1 - Legislative District 4","SpokaneLD4P1","Debra Long","","3828","20.48","","","",""
"State Representative Pos. 1 - Legislative District 4","SpokaneLD4P1","George Wagner","","3034","16.24","","","",""
"State Representative Pos. 1 - Legislative District 4","SpokaneLD4P1","Write-In","","698","","","","",""
"State Representative Pos. 2 - Legislative District 4","SpokaneLD4P2","Ballots Cast","","21682","","","","",""
"State Representative Pos. 2 - Legislative District 4","SpokaneLD4P2","Rob Chase","","9207","42.46","","","",""
"State Representative Pos. 2 - Legislative District 4","SpokaneLD4P2","Bob Curtis","","3439","15.86","","","",""
"State Representative Pos. 2 - Legislative District 4","SpokaneLD4P2","Rob Tupper","","8937","41.22","","","",""
"State Representative Pos. 2 - Legislative District 4","SpokaneLD4P2","Write-In","","99","","","","",""
"State Senator - Legislative District 6","SpokaneLD6Sen","Ballots Cast","","14564","","","","",""
"State Senator - Legislative District 6","SpokaneLD6Sen","Jeff Holy","","13456","92.39","","","",""
"State Senator - Legislative District 6","SpokaneLD6Sen","Write-In","","1108","","","","",""
"State Representative Pos. 1 - Legislative District 6","SpokaneLD6P1","Ballots Cast","","19518","","","","",""
"State Representative Pos. 1 - Legislative District 6","SpokaneLD6P1","Sueann Davis","","1021","5.23","","","",""
"State Representative Pos. 1 - Legislative District 6","SpokaneLD6P1","Isaiah Paine","","3731","19.12","","","",""
"State Representative Pos. 1 - Legislative District 6","SpokaneLD6P1","Michaela Kelso","","5794","29.69","","","",""
"State Representative Pos. 1 - Legislative District 6","SpokaneLD6P1","Jennifer Morton","","1482","7.59","","","",""
"State Representative Pos. 1 - Legislative District 6","SpokaneLD6P1","Nicolette Ocheltree","","2362","12.1","","","",""
"State Representative Pos. 1 - Legislative District 6","SpokaneLD6P1","Alan Nolan","","5065","25.95","","","",""
"State Representative Pos. 1 - Legislative District 6","SpokaneLD6P1","Write-In","","63","","","","",""
"State Representative Pos. 2 - Legislative District 6","SpokaneLD6P2","Ballots Cast","","19774","","","","",""
"State Representative Pos. 2 - Legislative District 6","SpokaneLD6P2","Jonathan Bingle","","10131","51.23","","","",""
"State Representative Pos. 2 - Legislative District 6","SpokaneLD6P2","Julia Payne","","5068","25.63","","","",""
"State Representative Pos. 2 - Legislative District 6","SpokaneLD6P2","Aaron M. Croft","","4531","22.91","","","",""
"State Representative Pos. 2 - Legislative District 6","SpokaneLD6P2","Write-In","","44","","","","",""
"State Representative Pos. 1 - Legislative District 5","KingCo_StateRepresentativePos1LegislativeDistrict5","Ballots Cast","","21847","","","","",""
"State Representative Pos. 1 - Legislative District 5","KingCo_StateRepresentativePos1LegislativeDistrict5","Zach Hall","","9671","44.27","","","",""
"State Representative Pos. 1 - Legislative District 5","KingCo_StateRepresentativePos1LegislativeDistrict5","Michelle Bennett","","9247","42.33","","","",""
"State Representative Pos. 1 - Legislative District 5","KingCo_StateRepresentativePos1LegislativeDistrict5","Aimee Warmerdam","","1924","8.81","","","",""
"State Representative Pos. 1 - Legislative District 5","KingCo_StateRepresentativePos1LegislativeDistrict5","Topher Leritz","","525","2.4","","","",""
"State Representative Pos. 1 - Legislative District 5","KingCo_StateRepresentativePos1LegislativeDistrict5","Write-in","","25","","","","",""
"State Representative Pos. 2 - Legislative District 5","KingCo_StateRepresentativePos2LegislativeDistrict5","Ballots Cast","","21847","","","","",""
"State Representative Pos. 2 - Legislative District 5","KingCo_StateRepresentativePos2LegislativeDistrict5","Lisa Callan","","12399","56.75","","","",""
"State Representative Pos. 2 - Legislative District 5","KingCo_StateRepresentativePos2LegislativeDistrict5","Patrick Peacock","","9087","41.59","","","",""
"State Representative Pos. 2 - Legislative District 5","KingCo_StateRepresentativePos2LegislativeDistrict5","Write-in","","28","","","","",""
"State Representative Pos. 1 - Legislative District 11","KingCo_StateRepresentativePos1LegislativeDistrict11","Ballots Cast","","13917","","","","",""
"State Representative Pos. 1 - Legislative District 11","KingCo_StateRepresentativePos1LegislativeDistrict11","David Hackney","","5821","41.83","","","",""
"State Representative Pos. 1 - Legislative District 11","KingCo_StateRepresentativePos1LegislativeDistrict11","Ashley Fedan","","4027","28.94","","","",""
"State Representative Pos. 1 - Legislative District 11","KingCo_StateRepresentativePos1LegislativeDistrict11","Christian Rombough","","3748","26.93","","","",""
"State Representative Pos. 1 - Legislative District 11","KingCo_StateRepresentativePos1LegislativeDistrict11","Write-in","","23","","","","",""
"State Representative Pos. 2 - Legislative District 11","KingCo_StateRepresentativePos2LegislativeDistrict11","Ballots Cast","","13917","","","","",""
"State Representative Pos. 2 - Legislative District 11","KingCo_StateRepresentativePos2LegislativeDistrict11","Steve Bergquist","","10235","73.54","","","",""
"State Representative Pos. 2 - Legislative District 11","KingCo_StateRepresentativePos2LegislativeDistrict11","Write-in","","760","","","","",""
"State Senator - Legislative District 30","KingCo_StateSenatorLegislativeDistrict30","Ballots Cast","","12328","","","","",""
"State Senator - Legislative District 30","KingCo_StateSenatorLegislativeDistrict30","Claire Wilson","","7476","60.64","","","",""
"State Senator - Legislative District 30","KingCo_StateSenatorLegislativeDistrict30","Michael Rutland","","4681","37.97","","","",""
"State Senator - Legislative District 30","KingCo_StateSenatorLegislativeDistrict30","Write-in","","12","","","","",""
"State Representative Pos. 1 - Legislative District 30","KingCo_StateRepresentativePos1LegislativeDistrict30","Ballots Cast","","12328","","","","",""
"State Representative Pos. 1 - Legislative District 30","KingCo_StateRepresentativePos1LegislativeDistrict30","Jamila E. Taylor","","7677","62.27","","","",""
"State Representative Pos. 1 - Legislative District 30","KingCo_StateRepresentativePos1LegislativeDistrict30","Tiffany Bowyer","","4456","36.15","","","",""
"State Representative Pos. 1 - Legislative District 30","KingCo_StateRepresentativePos1LegislativeDistrict30","Write-in","","22","","","","",""
"State Representative Pos. 2 - Legislative District 30","KingCo_StateRepresentativePos2LegislativeDistrict30","Ballots Cast","","12328","","","","",""
"State Representative Pos. 2 - Legislative District 30","KingCo_StateRepresentativePos2LegislativeDistrict30","Kristine Reeves","","7598","61.63","","","",""
"State Representative Pos. 2 - Legislative District 30","KingCo_StateRepresentativePos2LegislativeDistrict30","Paul McDaniel","","4328","35.11","","","",""
"State Representative Pos. 2 - Legislative District 30","KingCo_StateRepresentativePos2LegislativeDistrict30","Write-in","","71","","","","",""
"State Senator - Legislative District 33","KingCo_StateSenatorLegislativeDistrict33","Ballots Cast","","13422","","","","",""
"State Senator - Legislative District 33","KingCo_StateSenatorLegislativeDistrict33","Tina L. Orwall","","10166","75.74","","","",""
"State Senator - Legislative District 33","KingCo_StateSenatorLegislativeDistrict33","Write-in","","635","","","","",""
"State Representative Pos. 1 - Legislative District 33","KingCo_StateRepresentativePos1LegislativeDistrict33","Ballots Cast","","13422","","","","",""
"State Representative Pos. 1 - Legislative District 33","KingCo_StateRepresentativePos1LegislativeDistrict33","Edwin Obras","","9155","68.21","","","",""
"State Representative Pos. 1 - Legislative District 33","KingCo_StateRepresentativePos1LegislativeDistrict33","Chris Martinez","","2045","15.24","","","",""
"State Representative Pos. 1 - Legislative District 33","KingCo_StateRepresentativePos1LegislativeDistrict33","Darryl K. Jones","","1935","14.42","","","",""
"State Representative Pos. 1 - Legislative District 33","KingCo_StateRepresentativePos1LegislativeDistrict33","Write-in","","38","","","","",""
"State Representative Pos. 2 - Legislative District 33","KingCo_StateRepresentativePos2LegislativeDistrict33","Ballots Cast","","13422","","","","",""
"State Representative Pos. 2 - Legislative District 33","KingCo_StateRepresentativePos2LegislativeDistrict33","Mia Su-Ling Gregerson","","6851","51.04","","","",""
"State Representative Pos. 2 - Legislative District 33","KingCo_StateRepresentativePos2LegislativeDistrict33","Yuri Marinchik","","3349","24.95","","","",""
"State Representative Pos. 2 - Legislative District 33","KingCo_StateRepresentativePos2LegislativeDistrict33","Alex Andrade","","2906","21.65","","","",""
"State Representative Pos. 2 - Legislative District 33","KingCo_StateRepresentativePos2LegislativeDistrict33","Write-in","","27","","","","",""
"State Senator - Legislative District 34","KingCo_StateSenatorLegislativeDistrict34","Ballots Cast","","21175","","","","",""
"State Senator - Legislative District 34","KingCo_StateSenatorLegislativeDistrict34","Emily Alvarado","","16754","79.12","","","",""
"State Senator - Legislative District 34","KingCo_StateSenatorLegislativeDistrict34","Write-in","","565","","","","",""
"State Representative Pos. 1 - Legislative District 34","KingCo_StateRepresentativePos1LegislativeDistrict34","Ballots Cast","","21175","","","","",""
"State Representative Pos. 1 - Legislative District 34","KingCo_StateRepresentativePos1LegislativeDistrict34","Brianna K. Thomas","","16531","78.07","","","",""
"State Representative Pos. 1 - Legislative District 34","KingCo_StateRepresentativePos1LegislativeDistrict34","Write-in","","559","","","","",""
"State Representative Pos. 2 - Legislative District 34","KingCo_StateRepresentativePos2LegislativeDistrict34","Ballots Cast","","21175","","","","",""
"State Representative Pos. 2 - Legislative District 34","KingCo_StateRepresentativePos2LegislativeDistrict34","Joe Fitzgibbon","","14529","68.61","","","",""
"State Representative Pos. 2 - Legislative District 34","KingCo_StateRepresentativePos2LegislativeDistrict34","Mary Anito","","4891","23.1","","","",""
"State Representative Pos. 2 - Legislative District 34","KingCo_StateRepresentativePos2LegislativeDistrict34","Write-in","","315","","","","",""
"State Senator - Legislative District 36","KingCo_StateSenatorLegislativeDistrict36","Ballots Cast","","22916","","","","",""
"State Senator - Legislative District 36","KingCo_StateSenatorLegislativeDistrict36","Noel C. Frame","","19216","83.85","","","",""
"State Senator - Legislative District 36","KingCo_StateSenatorLegislativeDistrict36","Jillian England","","3033","13.24","","","",""
"State Senator - Legislative District 36","KingCo_StateSenatorLegislativeDistrict36","Write-in","","54","","","","",""
"State Representative Pos. 1 - Legislative District 36","KingCo_StateRepresentativePos1LegislativeDistrict36","Ballots Cast","","22916","","","","",""
"State Representative Pos. 1 - Legislative District 36","KingCo_StateRepresentativePos1LegislativeDistrict36","Julia Grant Reed","","18712","81.65","","","",""
"State Representative Pos. 1 - Legislative District 36","KingCo_StateRepresentativePos1LegislativeDistrict36","Write-in","","423","","","","",""
"State Representative Pos. 2 - Legislative District 36","KingCo_StateRepresentativePos2LegislativeDistrict36","Ballots Cast","","22916","","","","",""
"State Representative Pos. 2 - Legislative District 36","KingCo_StateRepresentativePos2LegislativeDistrict36","Liz Berry","","18822","82.13","","","",""
"State Representative Pos. 2 - Legislative District 36","KingCo_StateRepresentativePos2LegislativeDistrict36","Write-in","","450","","","","",""
"State Senator - Legislative District 37","KingCo_StateSenatorLegislativeDistrict37","Ballots Cast","","17190","","","","",""
"State Senator - Legislative District 37","KingCo_StateSenatorLegislativeDistrict37","Chipalo Street","","11718","68.17","","","",""
"State Senator - Legislative District 37","KingCo_StateSenatorLegislativeDistrict37","Tatiana Brown","","4114","23.93","","","",""
"State Senator - Legislative District 37","KingCo_StateSenatorLegislativeDistrict37","Write-in","","181","","","","",""
"State Representative Pos. 1 - Legislative District 37","KingCo_StateRepresentativePos1LegislativeDistrict37","Ballots Cast","","17190","","","","",""
"State Representative Pos. 1 - Legislative District 37","KingCo_StateRepresentativePos1LegislativeDistrict37","Sharon Tomiko Santos","","8647","50.3","","","",""
"State Representative Pos. 1 - Legislative District 37","KingCo_StateRepresentativePos1LegislativeDistrict37","Kelabe Tewolde","","7397","43.03","","","",""
"State Representative Pos. 1 - Legislative District 37","KingCo_StateRepresentativePos1LegislativeDistrict37","Write-in","","149","","","","",""
"State Representative Pos. 2 - Legislative District 37","KingCo_StateRepresentativePos2LegislativeDistrict37","Ballots Cast","","17190","","","","",""
"State Representative Pos. 2 - Legislative District 37","KingCo_StateRepresentativePos2LegislativeDistrict37","Jaelynn Scott","","13823","80.41","","","",""
"State Representative Pos. 2 - Legislative District 37","KingCo_StateRepresentativePos2LegislativeDistrict37","Evon McCorkle","","1970","11.46","","","",""
"State Representative Pos. 2 - Legislative District 37","KingCo_StateRepresentativePos2LegislativeDistrict37","Write-in","","190","","","","",""
"State Representative Pos. 1 - Legislative District 41","KingCo_StateRepresentativePos1LegislativeDistrict41","Ballots Cast","","20194","","","","",""
"State Representative Pos. 1 - Legislative District 41","KingCo_StateRepresentativePos1LegislativeDistrict41","Janice Zahn","","14214","70.39","","","",""
"State Representative Pos. 1 - Legislative District 41","KingCo_StateRepresentativePos1LegislativeDistrict41","Elle Nguyen","","5410","26.79","","","",""
"State Representative Pos. 1 - Legislative District 41","KingCo_StateRepresentativePos1LegislativeDistrict41","Alex Tsimerman","","190","0.94","","","",""
"State Representative Pos. 1 - Legislative District 41","KingCo_StateRepresentativePos1LegislativeDistrict41","Write-in","","33","","","","",""
"State Representative Pos. 2 - Legislative District 41","KingCo_StateRepresentativePos2LegislativeDistrict41","Ballots Cast","","20194","","","","",""
"State Representative Pos. 2 - Legislative District 41","KingCo_StateRepresentativePos2LegislativeDistrict41","My-Linh T Thai","","12943","64.09","","","",""
"State Representative Pos. 2 - Legislative District 41","KingCo_StateRepresentativePos2LegislativeDistrict41","Michael Rosen","","6470","32.04","","","",""
"State Representative Pos. 2 - Legislative District 41","KingCo_StateRepresentativePos2LegislativeDistrict41","Write-in","","83","","","","",""
"State Senator - Legislative District 43","KingCo_StateSenatorLegislativeDistrict43","Ballots Cast","","18334","","","","",""
"State Senator - Legislative District 43","KingCo_StateSenatorLegislativeDistrict43","Jamie Pedersen","","12633","68.9","","","",""
"State Senator - Legislative District 43","KingCo_StateSenatorLegislativeDistrict43","Hannah Sabio-Howell","","3176","17.32","","","",""
"State Senator - Legislative District 43","KingCo_StateSenatorLegislativeDistrict43","Heather-Marie Wilson","","1911","10.42","","","",""
"State Senator - Legislative District 43","KingCo_StateSenatorLegislativeDistrict43","Write-in","","58","","","","",""
"State Representative Pos. 1 - Legislative District 43","KingCo_StateRepresentativePos1LegislativeDistrict43","Ballots Cast","","18334","","","","",""
"State Representative Pos. 1 - Legislative District 43","KingCo_StateRepresentativePos1LegislativeDistrict43","Nicole Macri","","15194","82.87","","","",""
"State Representative Pos. 1 - Legislative District 43","KingCo_StateRepresentativePos1LegislativeDistrict43","Alby Clendennin","","1310","7.15","","","",""
"State Representative Pos. 1 - Legislative District 43","KingCo_StateRepresentativePos1LegislativeDistrict43","Write-in","","238","","","","",""
"State Representative Pos. 2 - Legislative District 43","KingCo_StateRepresentativePos2LegislativeDistrict43","Ballots Cast","","18334","","","","",""
"State Representative Pos. 2 - Legislative District 43","KingCo_StateRepresentativePos2LegislativeDistrict43","Shaun Scott","","13732","74.9","","","",""
"State Representative Pos. 2 - Legislative District 43","KingCo_StateRepresentativePos2LegislativeDistrict43","Write-in","","556","","","","",""
"State Senator - Legislative District 45","KingCo_StateSenatorLegislativeDistrict45","Ballots Cast","","20173","","","","",""
"State Senator - Legislative District 45","KingCo_StateSenatorLegislativeDistrict45","Manka Dhingra","","14279","70.78","","","",""
"State Senator - Legislative District 45","KingCo_StateSenatorLegislativeDistrict45","Write-in","","1450","","","","",""
"State Representative Pos. 1 - Legislative District 45","KingCo_StateRepresentativePos1LegislativeDistrict45","Ballots Cast","","20173","","","","",""
"State Representative Pos. 1 - Legislative District 45","KingCo_StateRepresentativePos1LegislativeDistrict45","Roger Goodman","","14337","71.07","","","",""
"State Representative Pos. 1 - Legislative District 45","KingCo_StateRepresentativePos1LegislativeDistrict45","JoAnn Tolentino","","5426","26.9","","","",""
"State Representative Pos. 1 - Legislative District 45","KingCo_StateRepresentativePos1LegislativeDistrict45","Write-in","","49","","","","",""
"State Representative Pos. 2 - Legislative District 45","KingCo_StateRepresentativePos2LegislativeDistrict45","Ballots Cast","","20173","","","","",""
"State Representative Pos. 2 - Legislative District 45","KingCo_StateRepresentativePos2LegislativeDistrict45","Vanessa Kritzer","","12066","59.81","","","",""
"State Representative Pos. 2 - Legislative District 45","KingCo_StateRepresentativePos2LegislativeDistrict45","John P Gibbons","","4129","20.47","","","",""
"State Representative Pos. 2 - Legislative District 45","KingCo_StateRepresentativePos2LegislativeDistrict45","Chandler Torbett","","3186","15.79","","","",""
"State Representative Pos. 2 - Legislative District 45","KingCo_StateRepresentativePos2LegislativeDistrict45","Write-in","","74","","","","",""
"State Senator - Legislative District 46","KingCo_StateSenatorLegislativeDistrict46","Ballots Cast","","20986","","","","",""
"State Senator - Legislative District 46","KingCo_StateSenatorLegislativeDistrict46","Javier Valdez","","18180","86.63","","","",""
"State Senator - Legislative District 46","KingCo_StateSenatorLegislativeDistrict46","Sandra Stephens","","2121","10.11","","","",""
"State Senator - Legislative District 46","KingCo_StateSenatorLegislativeDistrict46","Write-in","","50","","","","",""
"State Representative Pos. 1 - Legislative District 46","KingCo_StateRepresentativePos1LegislativeDistrict46","Ballots Cast","","20986","","","","",""
"State Representative Pos. 1 - Legislative District 46","KingCo_StateRepresentativePos1LegislativeDistrict46","Gerry Pollet","","10687","50.92","","","",""
"State Representative Pos. 1 - Legislative District 46","KingCo_StateRepresentativePos1LegislativeDistrict46","Will Dreher","","6089","29.01","","","",""
"State Representative Pos. 1 - Legislative District 46","KingCo_StateRepresentativePos1LegislativeDistrict46","Ron Davis","","2692","12.83","","","",""
"State Representative Pos. 1 - Legislative District 46","KingCo_StateRepresentativePos1LegislativeDistrict46","Write-in","","198","","","","",""
"State Representative Pos. 2 - Legislative District 46","KingCo_StateRepresentativePos2LegislativeDistrict46","Ballots Cast","","20986","","","","",""
"State Representative Pos. 2 - Legislative District 46","KingCo_StateRepresentativePos2LegislativeDistrict46","Darya Farivar","","17470","83.25","","","",""
"State Representative Pos. 2 - Legislative District 46","KingCo_StateRepresentativePos2LegislativeDistrict46","Rodney 'Star' Thornley","","2127","10.14","","","",""
"State Representative Pos. 2 - Legislative District 46","KingCo_StateRepresentativePos2LegislativeDistrict46","Write-in","","164","","","","",""
"State Senator - Legislative District 47","KingCo_StateSenatorLegislativeDistrict47","Ballots Cast","","15327","","","","",""
"State Senator - Legislative District 47","KingCo_StateSenatorLegislativeDistrict47","Claudia Kauffman","","8821","57.55","","","",""
"State Senator - Legislative District 47","KingCo_StateSenatorLegislativeDistrict47","Kristina Soltys","","6174","40.28","","","",""
"State Senator - Legislative District 47","KingCo_StateSenatorLegislativeDistrict47","Write-in","","26","","","","",""
"State Representative Pos. 1 - Legislative District 47","KingCo_StateRepresentativePos1LegislativeDistrict47","Ballots Cast","","15327","","","","",""
"State Representative Pos. 1 - Legislative District 47","KingCo_StateRepresentativePos1LegislativeDistrict47","Debra Jean Entenman","","5560","36.28","","","",""
"State Representative Pos. 1 - Legislative District 47","KingCo_StateRepresentativePos1LegislativeDistrict47","Cobi Clark","","4346","28.36","","","",""
"State Representative Pos. 1 - Legislative District 47","KingCo_StateRepresentativePos1LegislativeDistrict47","Jasnoor Kaur Hans","","2742","17.89","","","",""
"State Representative Pos. 1 - Legislative District 47","KingCo_StateRepresentativePos1LegislativeDistrict47","Logan Evans","","1558","10.17","","","",""
"State Representative Pos. 1 - Legislative District 47","KingCo_StateRepresentativePos1LegislativeDistrict47","Write-in","","221","","","","",""
"State Representative Pos. 2 - Legislative District 47","KingCo_StateRepresentativePos2LegislativeDistrict47","Ballots Cast","","15327","","","","",""
"State Representative Pos. 2 - Legislative District 47","KingCo_StateRepresentativePos2LegislativeDistrict47","Chris Stearns","","8944","58.35","","","",""
"State Representative Pos. 2 - Legislative District 47","KingCo_StateRepresentativePos2LegislativeDistrict47","Ted Cooke","","6029","39.34","","","",""
"State Representative Pos. 2 - Legislative District 47","KingCo_StateRepresentativePos2LegislativeDistrict47","Write-in","","30","","","","",""
"State Senator - Legislative District 48","KingCo_StateSenatorLegislativeDistrict48","Ballots Cast","","14867","","","","",""
"State Senator - Legislative District 48","KingCo_StateSenatorLegislativeDistrict48","Vandana Slatter","","10870","73.11","","","",""
"State Senator - Legislative District 48","KingCo_StateSenatorLegislativeDistrict48","Write-in","","661","","","","",""
"State Representative Pos. 1 - Legislative District 48","KingCo_StateRepresentativePos1LegislativeDistrict48","Ballots Cast","","14867","","","","",""
"State Representative Pos. 1 - Legislative District 48","KingCo_StateRepresentativePos1LegislativeDistrict48","Osman Salahuddin","","10043","67.55","","","",""
"State Representative Pos. 1 - Legislative District 48","KingCo_StateRepresentativePos1LegislativeDistrict48","Jeffery Poppe","","4401","29.6","","","",""
"State Representative Pos. 1 - Legislative District 48","KingCo_StateRepresentativePos1LegislativeDistrict48","Write-in","","46","","","","",""
"State Representative Pos. 2 - Legislative District 48","KingCo_StateRepresentativePos2LegislativeDistrict48","Ballots Cast","","14867","","","","",""
"State Representative Pos. 2 - Legislative District 48","KingCo_StateRepresentativePos2LegislativeDistrict48","Amy Walen","","6715","45.17","","","",""
"State Representative Pos. 2 - Legislative District 48","KingCo_StateRepresentativePos2LegislativeDistrict48","Jessica Forsythe","","6097","41.01","","","",""
"State Representative Pos. 2 - Legislative District 48","KingCo_StateRepresentativePos2LegislativeDistrict48","Write-in","","358","","","","",""
